example_id,customer_message,conversation_context,intent,historical_resolution,expected_action,difficulty,notes
gold_001,Where is my package? Tracking says delivered but I don't see it anywhere on my porch.,Twitter public mention (@AmazonHelp) - First turn inbound customer inquiry,delivery_status,"Advise checking tracking via Your Orders, verify porch/household members, check carrier timeframe, direct to order tracking link or DM if overdue.",AUTO_HANDLE,easy,Tracking number delivered but missing parcel; common carrier delay.
gold_002,"My order was supposed to arrive yesterday by 8 PM, but it still hasn't arrived.",Twitter public mention (@AmazonHelp) - First turn inbound customer inquiry,delivery_status,"Advise checking tracking via Your Orders, verify porch/household members, check carrier timeframe, direct to order tracking link or DM if overdue.",AUTO_HANDLE,easy,Standard delayed delivery inquiry.
gold_003,Can you tell me the current tracking update for my package? The status hasn't changed in 4 days.,Twitter public mention (@AmazonHelp) - First turn inbound customer inquiry,delivery_status,"Advise checking tracking via Your Orders, verify porch/household members, check carrier timeframe, direct to order tracking link or DM if overdue.",AUTO_HANDLE,easy,Stale tracking status.
gold_004,"Tracking says out for delivery since 7 AM this morning, what time does your courier deliver until?",Twitter public mention (@AmazonHelp) - First turn inbound customer inquiry,delivery_status,"Advise checking tracking via Your Orders, verify porch/household members, check carrier timeframe, direct to order tracking link or DM if overdue.",AUTO_HANDLE,easy,Delivery window inquiry.
gold_005,My parcel tracking is stuck at 'in transit to carrier facility'. When should I expect it?,Twitter public mention (@AmazonHelp) - First turn inbound customer inquiry,delivery_status,"Advise checking tracking via Your Orders, verify porch/household members, check carrier timeframe, direct to order tracking link or DM if overdue.",AUTO_HANDLE,easy,Transit progress check.
gold_006,My order has been delayed twice already this week. When is it actually going to be delivered?,Twitter public mention (@AmazonHelp) - First turn inbound customer inquiry,delivery_status,"Advise checking tracking via Your Orders, verify porch/household members, check carrier timeframe, direct to order tracking link or DM if overdue.",AUTO_HANDLE,easy,Multiple delays reported.
gold_007,Courier says attempted delivery but I was sitting right by the window all day!,Twitter public mention (@AmazonHelp) - First turn inbound customer inquiry,delivery_status,"Advise checking tracking via Your Orders, verify porch/household members, check carrier timeframe, direct to order tracking link or DM if overdue.",AUTO_HANDLE,easy,Failed delivery attempt dispute.
gold_008,Where is my book order? It has been over a week since dispatch.,Twitter public mention (@AmazonHelp) - First turn inbound customer inquiry,delivery_status,"Advise checking tracking via Your Orders, verify porch/household members, check carrier timeframe, direct to order tracking link or DM if overdue.",AUTO_HANDLE,easy,Overdue shipment inquiry.
gold_009,"The tracking page says handed to resident, but nobody knocked or buzzed.",Twitter public mention (@AmazonHelp) - First turn inbound customer inquiry,delivery_status,"Advise checking tracking via Your Orders, verify porch/household members, check carrier timeframe, direct to order tracking link or DM if overdue.",AUTO_HANDLE,easy,Disputed drop-off.
gold_010,Is there a delay with deliveries in the Chicago area today due to snow?,Twitter public mention (@AmazonHelp) - First turn inbound customer inquiry,delivery_status,"Advise checking tracking via Your Orders, verify porch/household members, check carrier timeframe, direct to order tracking link or DM if overdue.",AUTO_HANDLE,easy,Regional logistics disruption.
gold_011,"Driver marked it delivered 10 mins ago, still nothing in mail room or lobby. Does it take time to reflect?",Twitter public mention (@AmazonHelp) - First turn inbound customer inquiry,delivery_status,"Advise checking tracking via Your Orders, verify porch/household members, check carrier timeframe, direct to order tracking link or DM if overdue.",AUTO_HANDLE,medium,Premature carrier delivery scan.
gold_012,Package was sent via USPS instead of Amazon Logistics and tracking shows nothing.,Twitter public mention (@AmazonHelp) - First turn inbound customer inquiry,delivery_status,"Advise checking tracking via Your Orders, verify porch/household members, check carrier timeframe, direct to order tracking link or DM if overdue.",AUTO_HANDLE,medium,Carrier partner discrepancy.
gold_013,"Supposed to be guaranteed next-day delivery with Prime, but order summary now says Thursday.",Twitter public mention (@AmazonHelp) - First turn inbound customer inquiry,delivery_status,"Advise checking tracking via Your Orders, verify porch/household members, check carrier timeframe, direct to order tracking link or DM if overdue.",AUTO_HANDLE,medium,Prime guaranteed date discrepancy.
gold_014,"Ordered birthday gift for my son for tomorrow, really need to know if it will arrive on time.",Twitter public mention (@AmazonHelp) - First turn inbound customer inquiry,delivery_status,"Advise checking tracking via Your Orders, verify porch/household members, check carrier timeframe, direct to order tracking link or DM if overdue.",AUTO_HANDLE,medium,Urgent time-sensitive delivery.
gold_015,"My apartment has a secure parcel locker, but the courier left the package outside on the street.",Twitter public mention (@AmazonHelp) - First turn inbound customer inquiry,delivery_status,"Advise checking tracking via Your Orders, verify porch/household members, check carrier timeframe, direct to order tracking link or DM if overdue.",AUTO_HANDLE,medium,Improper drop-off location.
gold_016,"Notification says delivered to mailbox, but my mailbox is too small for a microwave box!",Twitter public mention (@AmazonHelp) - First turn inbound customer inquiry,delivery_status,"Advise checking tracking via Your Orders, verify porch/household members, check carrier timeframe, direct to order tracking link or DM if overdue.",AUTO_HANDLE,medium,Physically impossible delivery note.
gold_017,Why does the tracker show my package traveling from New Jersey to California when I live in New York?,Twitter public mention (@AmazonHelp) - First turn inbound customer inquiry,delivery_status,"Advise checking tracking via Your Orders, verify porch/household members, check carrier timeframe, direct to order tracking link or DM if overdue.",AUTO_HANDLE,medium,Erratic carrier routing scan.
gold_018,Can I track the exact location of the delivery truck on the map for my delivery today?,Twitter public mention (@AmazonHelp) - First turn inbound customer inquiry,delivery_status,"Advise checking tracking via Your Orders, verify porch/household members, check carrier timeframe, direct to order tracking link or DM if overdue.",AUTO_HANDLE,medium,Map tracking feature inquiry.
gold_019,Third time this month the driver lied about attempting delivery because they were running behind schedule.,Twitter public mention (@AmazonHelp) - First turn inbound customer inquiry,delivery_status,"Advise checking tracking via Your Orders, verify porch/household members, check carrier timeframe, direct to order tracking link or DM if overdue.",AUTO_HANDLE,hard,Angry tone with repeated failed delivery complaint; core issue is delivery status.
gold_020,Package never arrived and the photo attached shows a completely different house and red door!,Twitter public mention (@AmazonHelp) - First turn inbound customer inquiry,delivery_status,"Advise checking tracking via Your Orders, verify porch/household members, check carrier timeframe, direct to order tracking link or DM if overdue.",AUTO_HANDLE,hard,Misdelivery confirmed with photo evidence.
gold_021,"Your driver drove past my house, stopped for 2 seconds, and then marked it undeliverable. What is going on?",Twitter public mention (@AmazonHelp) - First turn inbound customer inquiry,delivery_status,"Advise checking tracking via Your Orders, verify porch/household members, check carrier timeframe, direct to order tracking link or DM if overdue.",AUTO_HANDLE,hard,Driver behavior complaint mixed with delivery status inquiry.
gold_022,My package went missing from my front steps within an hour of delivery. Do I contact you or police?,Twitter public mention (@AmazonHelp) - First turn inbound customer inquiry,delivery_status,"Advise checking tracking via Your Orders, verify porch/household members, check carrier timeframe, direct to order tracking link or DM if overdue.",AUTO_HANDLE,hard,Stolen package / porch piracy inquiry.
gold_023,"Delivery estimate changed three times today, first 1pm, then 5pm, now tomorrow. Can I pick it up from depot?",Twitter public mention (@AmazonHelp) - First turn inbound customer inquiry,delivery_status,"Advise checking tracking via Your Orders, verify porch/household members, check carrier timeframe, direct to order tracking link or DM if overdue.",AUTO_HANDLE,hard,Depot pickup query for rolling delayed delivery.
gold_024,"Order says delivered to safe place, what does Amazon consider a safe place when it rains?",Twitter public mention (@AmazonHelp) - First turn inbound customer inquiry,delivery_status,"Advise checking tracking via Your Orders, verify porch/household members, check carrier timeframe, direct to order tracking link or DM if overdue.",AUTO_HANDLE,hard,Safe place drop-off inquiry in adverse weather.
gold_025,"I received an empty envelope that was supposed to contain a phone case, but tracking says complete.",Twitter public mention (@AmazonHelp) - First turn inbound customer inquiry,delivery_status,"Advise checking tracking via Your Orders, verify porch/household members, check carrier timeframe, direct to order tracking link or DM if overdue.",AUTO_HANDLE,hard,Borderline between delivery status and missing contents; classified as delivery completion discrepancy.
gold_026,I opened my Amazon box today and the ceramic mug inside was smashed into pieces.,Twitter public mention (@AmazonHelp) - First turn inbound customer inquiry,damaged_or_missing,"Apologize for arrival condition, direct to Online Return Center (amazon.com/returns) for instant replacement or replacement order, request DM with details if sealed item was empty.",AUTO_HANDLE,easy,Physical damage during shipment.
gold_027,The box arrived crushed and the shampoo bottle leaked all over the other items.,Twitter public mention (@AmazonHelp) - First turn inbound customer inquiry,damaged_or_missing,"Apologize for arrival condition, direct to Online Return Center (amazon.com/returns) for instant replacement or replacement order, request DM with details if sealed item was empty.",AUTO_HANDLE,easy,Liquid leakage and damaged contents.
gold_028,Ordered a pack of 3 t-shirts but the package only had 2 shirts inside.,Twitter public mention (@AmazonHelp) - First turn inbound customer inquiry,damaged_or_missing,"Apologize for arrival condition, direct to Online Return Center (amazon.com/returns) for instant replacement or replacement order, request DM with details if sealed item was empty.",AUTO_HANDLE,easy,Missing item from multi-pack.
gold_029,"I received a completely different item than what I ordered - ordered a keyboard, got a blender!",Twitter public mention (@AmazonHelp) - First turn inbound customer inquiry,damaged_or_missing,"Apologize for arrival condition, direct to Online Return Center (amazon.com/returns) for instant replacement or replacement order, request DM with details if sealed item was empty.",AUTO_HANDLE,easy,Wrong item fulfilled.
gold_030,My monitor arrived with a severely cracked screen right out of the packaging.,Twitter public mention (@AmazonHelp) - First turn inbound customer inquiry,damaged_or_missing,"Apologize for arrival condition, direct to Online Return Center (amazon.com/returns) for instant replacement or replacement order, request DM with details if sealed item was empty.",AUTO_HANDLE,easy,Defective/broken electronics upon arrival.
gold_031,The tape on the box was sliced open and the most expensive item was missing.,Twitter public mention (@AmazonHelp) - First turn inbound customer inquiry,damaged_or_missing,"Apologize for arrival condition, direct to Online Return Center (amazon.com/returns) for instant replacement or replacement order, request DM with details if sealed item was empty.",AUTO_HANDLE,easy,Tampered package with stolen contents.
gold_032,The toy for my nephew arrived with missing parts and broken plastic.,Twitter public mention (@AmazonHelp) - First turn inbound customer inquiry,damaged_or_missing,"Apologize for arrival condition, direct to Online Return Center (amazon.com/returns) for instant replacement or replacement order, request DM with details if sealed item was empty.",AUTO_HANDLE,easy,Defective merchandise with missing parts.
gold_033,Package arrived soaked in water and the books inside are ruined.,Twitter public mention (@AmazonHelp) - First turn inbound customer inquiry,damaged_or_missing,"Apologize for arrival condition, direct to Online Return Center (amazon.com/returns) for instant replacement or replacement order, request DM with details if sealed item was empty.",AUTO_HANDLE,easy,Water-damaged parcel.
gold_034,I ordered size 10 shoes but received size 7 in the box.,Twitter public mention (@AmazonHelp) - First turn inbound customer inquiry,damaged_or_missing,"Apologize for arrival condition, direct to Online Return Center (amazon.com/returns) for instant replacement or replacement order, request DM with details if sealed item was empty.",AUTO_HANDLE,easy,Incorrect size / fulfillment error.
gold_035,The seal on the vitamins was broken when I opened the package.,Twitter public mention (@AmazonHelp) - First turn inbound customer inquiry,damaged_or_missing,"Apologize for arrival condition, direct to Online Return Center (amazon.com/returns) for instant replacement or replacement order, request DM with details if sealed item was empty.",AUTO_HANDLE,easy,Broken safety seal on consumables.
gold_036,"One of the items in my order was missing, but the invoice in the box lists all items as shipped.",Twitter public mention (@AmazonHelp) - First turn inbound customer inquiry,damaged_or_missing,"Apologize for arrival condition, direct to Online Return Center (amazon.com/returns) for instant replacement or replacement order, request DM with details if sealed item was empty.",AUTO_HANDLE,medium,Invoice mismatch with physical parcel.
gold_037,The perfume bottle arrived shattered and stained the carpet when I opened the parcel.,Twitter public mention (@AmazonHelp) - First turn inbound customer inquiry,damaged_or_missing,"Apologize for arrival condition, direct to Online Return Center (amazon.com/returns) for instant replacement or replacement order, request DM with details if sealed item was empty.",AUTO_HANDLE,medium,Property damage caused by broken contents.
gold_038,Received an item with obvious signs of prior use even though I paid for brand new.,Twitter public mention (@AmazonHelp) - First turn inbound customer inquiry,damaged_or_missing,"Apologize for arrival condition, direct to Online Return Center (amazon.com/returns) for instant replacement or replacement order, request DM with details if sealed item was empty.",AUTO_HANDLE,medium,Used item sent as new.
gold_039,Item arrived damaged. Do I need to send back the broken glass pieces to get a replacement?,Twitter public mention (@AmazonHelp) - First turn inbound customer inquiry,damaged_or_missing,"Apologize for arrival condition, direct to Online Return Center (amazon.com/returns) for instant replacement or replacement order, request DM with details if sealed item was empty.",AUTO_HANDLE,medium,Return safety exception inquiry for broken glass.
gold_040,The box was intact but the device inside won't power on at all right out of the box.,Twitter public mention (@AmazonHelp) - First turn inbound customer inquiry,damaged_or_missing,"Apologize for arrival condition, direct to Online Return Center (amazon.com/returns) for instant replacement or replacement order, request DM with details if sealed item was empty.",AUTO_HANDLE,medium,Dead on arrival (DOA) product defect.
gold_041,"Ordered two identical lamps, one arrived in perfect shape, the second is dented.",Twitter public mention (@AmazonHelp) - First turn inbound customer inquiry,damaged_or_missing,"Apologize for arrival condition, direct to Online Return Center (amazon.com/returns) for instant replacement or replacement order, request DM with details if sealed item was empty.",AUTO_HANDLE,medium,Partial damage in multi-item shipment.
gold_042,The protective bubble wrap was deflated and the vinyl record was warped.,Twitter public mention (@AmazonHelp) - First turn inbound customer inquiry,damaged_or_missing,"Apologize for arrival condition, direct to Online Return Center (amazon.com/returns) for instant replacement or replacement order, request DM with details if sealed item was empty.",AUTO_HANDLE,medium,Packaging failure leading to warped goods.
gold_043,My delivery had food items mixed in with cleaning chemicals that spilled.,Twitter public mention (@AmazonHelp) - First turn inbound customer inquiry,damaged_or_missing,"Apologize for arrival condition, direct to Online Return Center (amazon.com/returns) for instant replacement or replacement order, request DM with details if sealed item was empty.",AUTO_HANDLE,medium,Contaminated shipment requiring replacement.
gold_044,Driver threw the package over an 8-foot fence onto concrete and broke everything inside.,Twitter public mention (@AmazonHelp) - First turn inbound customer inquiry,damaged_or_missing,"Apologize for arrival condition, direct to Online Return Center (amazon.com/returns) for instant replacement or replacement order, request DM with details if sealed item was empty.",AUTO_HANDLE,hard,Driver mishandling causing broken items.
gold_045,"Box was delivered intact with factory seal, but inside there was just a block of wood instead of the iPad.",Twitter public mention (@AmazonHelp) - First turn inbound customer inquiry,damaged_or_missing,"Apologize for arrival condition, direct to Online Return Center (amazon.com/returns) for instant replacement or replacement order, request DM with details if sealed item was empty.",AUTO_HANDLE,hard,High-value fulfillment fraud/theft.
gold_046,"I reported a damaged replacement, and now the second replacement is ALSO broken!",Twitter public mention (@AmazonHelp) - First turn inbound customer inquiry,damaged_or_missing,"Apologize for arrival condition, direct to Online Return Center (amazon.com/returns) for instant replacement or replacement order, request DM with details if sealed item was empty.",AUTO_HANDLE,hard,Repeated damage on consecutive replacements.
gold_047,"Item missing from box, and customer service previously claimed it was split into another shipment with no tracking.",Twitter public mention (@AmazonHelp) - First turn inbound customer inquiry,damaged_or_missing,"Apologize for arrival condition, direct to Online Return Center (amazon.com/returns) for instant replacement or replacement order, request DM with details if sealed item was empty.",AUTO_HANDLE,hard,Unlinked split shipment vs missing item confusion.
gold_048,Received someone else's order containing personal medical items addressed to a different city.,Twitter public mention (@AmazonHelp) - First turn inbound customer inquiry,damaged_or_missing,"Apologize for arrival condition, direct to Online Return Center (amazon.com/returns) for instant replacement or replacement order, request DM with details if sealed item was empty.",AUTO_HANDLE,hard,Misdirected package with sensitive private contents.
gold_049,The food product was past its expiration date by 3 months when delivered.,Twitter public mention (@AmazonHelp) - First turn inbound customer inquiry,damaged_or_missing,"Apologize for arrival condition, direct to Online Return Center (amazon.com/returns) for instant replacement or replacement order, request DM with details if sealed item was empty.",AUTO_HANDLE,hard,Expired consumable product complaint.
gold_050,The appliance emitted sparks and smoke the first time I plugged it in.,Twitter public mention (@AmazonHelp) - First turn inbound customer inquiry,damaged_or_missing,"Apologize for arrival condition, direct to Online Return Center (amazon.com/returns) for instant replacement or replacement order, request DM with details if sealed item was empty.",AUTO_HANDLE,hard,Hazardous product defect inquiry.
gold_051,How do I return an item that doesn't fit? Where do I get a return label?,Twitter public mention (@AmazonHelp) - First turn inbound customer inquiry,return_and_refund,"State standard refund processing timeline (typically 3-5 business days after receipt), explain label-free return options via Returns Center, offer link to track refund status.",AUTO_HANDLE,easy,Standard return initiation inquiry.
gold_052,"I dropped off my return at Kohl's 5 days ago, when will my refund be issued?",Twitter public mention (@AmazonHelp) - First turn inbound customer inquiry,return_and_refund,"State standard refund processing timeline (typically 3-5 business days after receipt), explain label-free return options via Returns Center, offer link to track refund status.",AUTO_HANDLE,easy,Refund turnaround check post drop-off.
gold_053,Can I return an item without the original manufacturer cardboard box?,Twitter public mention (@AmazonHelp) - First turn inbound customer inquiry,return_and_refund,"State standard refund processing timeline (typically 3-5 business days after receipt), explain label-free return options via Returns Center, offer link to track refund status.",AUTO_HANDLE,easy,Packaging requirement for return.
gold_054,What is the return window for items purchased during Black Friday?,Twitter public mention (@AmazonHelp) - First turn inbound customer inquiry,return_and_refund,"State standard refund processing timeline (typically 3-5 business days after receipt), explain label-free return options via Returns Center, offer link to track refund status.",AUTO_HANDLE,easy,Holiday return policy timeline inquiry.
gold_055,I sent back two items from different orders in the same return box by accident.,Twitter public mention (@AmazonHelp) - First turn inbound customer inquiry,return_and_refund,"State standard refund processing timeline (typically 3-5 business days after receipt), explain label-free return options via Returns Center, offer link to track refund status.",AUTO_HANDLE,easy,Combined return packaging discrepancy.
gold_056,Do I have to pay return shipping fees for clothing items that didn't fit?,Twitter public mention (@AmazonHelp) - First turn inbound customer inquiry,return_and_refund,"State standard refund processing timeline (typically 3-5 business days after receipt), explain label-free return options via Returns Center, offer link to track refund status.",AUTO_HANDLE,easy,Return fee policy inquiry.
gold_057,How do I get a QR code for dropping off my return at the UPS Store?,Twitter public mention (@AmazonHelp) - First turn inbound customer inquiry,return_and_refund,"State standard refund processing timeline (typically 3-5 business days after receipt), explain label-free return options via Returns Center, offer link to track refund status.",AUTO_HANDLE,easy,QR code return drop-off workflow.
gold_058,"I requested a refund to my original card, but it was refunded to Amazon gift card balance.",Twitter public mention (@AmazonHelp) - First turn inbound customer inquiry,return_and_refund,"State standard refund processing timeline (typically 3-5 business days after receipt), explain label-free return options via Returns Center, offer link to track refund status.",AUTO_HANDLE,easy,Refund payment method discrepancy.
gold_059,Where can I track the return progress of my parcel back to the fulfillment center?,Twitter public mention (@AmazonHelp) - First turn inbound customer inquiry,return_and_refund,"State standard refund processing timeline (typically 3-5 business days after receipt), explain label-free return options via Returns Center, offer link to track refund status.",AUTO_HANDLE,easy,Return package tracking inquiry.
gold_060,Can someone pick up a bulky furniture return directly from my house?,Twitter public mention (@AmazonHelp) - First turn inbound customer inquiry,return_and_refund,"State standard refund processing timeline (typically 3-5 business days after receipt), explain label-free return options via Returns Center, offer link to track refund status.",AUTO_HANDLE,easy,Heavy/bulky item return pickup process.
gold_061,"Tracking shows return parcel was received at your warehouse on Monday, but status still says refund pending.",Twitter public mention (@AmazonHelp) - First turn inbound customer inquiry,return_and_refund,"State standard refund processing timeline (typically 3-5 business days after receipt), explain label-free return options via Returns Center, offer link to track refund status.",AUTO_HANDLE,medium,Warehouse processing delay post-receipt.
gold_062,"My bank account closed after I made the purchase, how can I redirect my refund to a new account?",Twitter public mention (@AmazonHelp) - First turn inbound customer inquiry,return_and_refund,"State standard refund processing timeline (typically 3-5 business days after receipt), explain label-free return options via Returns Center, offer link to track refund status.",AUTO_HANDLE,medium,Refund destination on closed account.
gold_063,"The QR code at Whole Foods failed to scan for my return, can you regenerate it?",Twitter public mention (@AmazonHelp) - First turn inbound customer inquiry,return_and_refund,"State standard refund processing timeline (typically 3-5 business days after receipt), explain label-free return options via Returns Center, offer link to track refund status.",AUTO_HANDLE,medium,Drop-off barcode failure.
gold_064,"I was told I would get a full refund including express shipping charges, but only item price was refunded.",Twitter public mention (@AmazonHelp) - First turn inbound customer inquiry,return_and_refund,"State standard refund processing timeline (typically 3-5 business days after receipt), explain label-free return options via Returns Center, offer link to track refund status.",AUTO_HANDLE,medium,Disputed shipping fee refund.
gold_065,How long do I have to drop off the return after generating the return label?,Twitter public mention (@AmazonHelp) - First turn inbound customer inquiry,return_and_refund,"State standard refund processing timeline (typically 3-5 business days after receipt), explain label-free return options via Returns Center, offer link to track refund status.",AUTO_HANDLE,medium,Return label expiration date inquiry.
gold_066,Can I exchange an item for a different color directly instead of doing a return and re-ordering?,Twitter public mention (@AmazonHelp) - First turn inbound customer inquiry,return_and_refund,"State standard refund processing timeline (typically 3-5 business days after receipt), explain label-free return options via Returns Center, offer link to track refund status.",AUTO_HANDLE,medium,Direct item exchange availability.
gold_067,"Return status says refund completed on Nov 3, but my credit card statement shows nothing.",Twitter public mention (@AmazonHelp) - First turn inbound customer inquiry,return_and_refund,"State standard refund processing timeline (typically 3-5 business days after receipt), explain label-free return options via Returns Center, offer link to track refund status.",AUTO_HANDLE,medium,Interbank processing window explanation needed.
gold_068,I want to return a gift I received without the person who bought it finding out.,Twitter public mention (@AmazonHelp) - First turn inbound customer inquiry,return_and_refund,"State standard refund processing timeline (typically 3-5 business days after receipt), explain label-free return options via Returns Center, offer link to track refund status.",AUTO_HANDLE,medium,Discreet gift return workflow.
gold_069,"UPS lost the return package on the way back to Amazon, and now you won't issue my refund!",Twitter public mention (@AmazonHelp) - First turn inbound customer inquiry,return_and_refund,"State standard refund processing timeline (typically 3-5 business days after receipt), explain label-free return options via Returns Center, offer link to track refund status.",AUTO_HANDLE,hard,Lost return in transit by carrier.
gold_070,Amazon charged a 20% restocking fee on my return even though the item was unopened.,Twitter public mention (@AmazonHelp) - First turn inbound customer inquiry,return_and_refund,"State standard refund processing timeline (typically 3-5 business days after receipt), explain label-free return options via Returns Center, offer link to track refund status.",AUTO_HANDLE,hard,Disputed restocking fee on return.
gold_071,Return center claims they received an incorrect item and rejected my $400 refund.,Twitter public mention (@AmazonHelp) - First turn inbound customer inquiry,return_and_refund,"State standard refund processing timeline (typically 3-5 business days after receipt), explain label-free return options via Returns Center, offer link to track refund status.",AUTO_HANDLE,hard,Fulfillment center return rejection dispute.
gold_072,Can I return opened software/video games that turned out to be incompatible with my PC?,Twitter public mention (@AmazonHelp) - First turn inbound customer inquiry,return_and_refund,"State standard refund processing timeline (typically 3-5 business days after receipt), explain label-free return options via Returns Center, offer link to track refund status.",AUTO_HANDLE,hard,Non-returnable media policy clarification.
gold_073,I printed the return label but left it in the rain and the barcode is smudged.,Twitter public mention (@AmazonHelp) - First turn inbound customer inquiry,return_and_refund,"State standard refund processing timeline (typically 3-5 business days after receipt), explain label-free return options via Returns Center, offer link to track refund status.",AUTO_HANDLE,hard,Reprinting return authorization documentation.
gold_074,My return authorization expired while I was hospitalized. Can I get an extension?,Twitter public mention (@AmazonHelp) - First turn inbound customer inquiry,return_and_refund,"State standard refund processing timeline (typically 3-5 business days after receipt), explain label-free return options via Returns Center, offer link to track refund status.",AUTO_HANDLE,hard,Special accommodation for expired return window.
gold_075,"I returned 4 items in one box with 4 different labels, only one item got refunded.",Twitter public mention (@AmazonHelp) - First turn inbound customer inquiry,return_and_refund,"State standard refund processing timeline (typically 3-5 business days after receipt), explain label-free return options via Returns Center, offer link to track refund status.",AUTO_HANDLE,hard,Multi-item consolidation return mismatch.
gold_076,I placed an order 5 minutes ago and want to cancel it immediately. How do I do that?,Twitter public mention (@AmazonHelp) - First turn inbound customer inquiry,order_cancellation_or_change,"Instruct customer to visit Your Orders > Cancel Items if still in pending status; clarify that once dispatched, address cannot be changed and must be returned upon delivery.",AUTO_HANDLE,easy,Immediate self-service cancellation.
gold_077,Can I change the delivery address on order #114-9283719 before it ships?,Twitter public mention (@AmazonHelp) - First turn inbound customer inquiry,order_cancellation_or_change,"Instruct customer to visit Your Orders > Cancel Items if still in pending status; clarify that once dispatched, address cannot be changed and must be returned upon delivery.",AUTO_HANDLE,easy,Address modification before dispatch.
gold_078,"I accidentally ordered two of the same item, please cancel one of them.",Twitter public mention (@AmazonHelp) - First turn inbound customer inquiry,order_cancellation_or_change,"Instruct customer to visit Your Orders > Cancel Items if still in pending status; clarify that once dispatched, address cannot be changed and must be returned upon delivery.",AUTO_HANDLE,easy,Duplicate order item cancellation.
gold_079,I want to cancel my pre-order for the upcoming video game.,Twitter public mention (@AmazonHelp) - First turn inbound customer inquiry,order_cancellation_or_change,"Instruct customer to visit Your Orders > Cancel Items if still in pending status; clarify that once dispatched, address cannot be changed and must be returned upon delivery.",AUTO_HANDLE,easy,Pre-order cancellation request.
gold_080,Can I change the payment card used for an order that hasn't shipped yet?,Twitter public mention (@AmazonHelp) - First turn inbound customer inquiry,order_cancellation_or_change,"Instruct customer to visit Your Orders > Cancel Items if still in pending status; clarify that once dispatched, address cannot be changed and must be returned upon delivery.",AUTO_HANDLE,easy,Updating payment method on pending order.
gold_081,How do I upgrade the shipping speed on an existing order to One-Day delivery?,Twitter public mention (@AmazonHelp) - First turn inbound customer inquiry,order_cancellation_or_change,"Instruct customer to visit Your Orders > Cancel Items if still in pending status; clarify that once dispatched, address cannot be changed and must be returned upon delivery.",AUTO_HANDLE,easy,Shipping speed upgrade on open order.
gold_082,I clicked cancel on my order but it says 'cancellation requested'. Is it cancelled?,Twitter public mention (@AmazonHelp) - First turn inbound customer inquiry,order_cancellation_or_change,"Instruct customer to visit Your Orders > Cancel Items if still in pending status; clarify that once dispatched, address cannot be changed and must be returned upon delivery.",AUTO_HANDLE,easy,Pending cancellation status explanation.
gold_083,"Please stop shipment on my order, I entered the wrong zip code!",Twitter public mention (@AmazonHelp) - First turn inbound customer inquiry,order_cancellation_or_change,"Instruct customer to visit Your Orders > Cancel Items if still in pending status; clarify that once dispatched, address cannot be changed and must be returned upon delivery.",AUTO_HANDLE,easy,Urgent address correction request.
gold_084,Can I add another item to my existing order so they ship together?,Twitter public mention (@AmazonHelp) - First turn inbound customer inquiry,order_cancellation_or_change,"Instruct customer to visit Your Orders > Cancel Items if still in pending status; clarify that once dispatched, address cannot be changed and must be returned upon delivery.",AUTO_HANDLE,easy,Order consolidation inquiry.
gold_085,How do I cancel a recurring Subscribe & Save delivery?,Twitter public mention (@AmazonHelp) - First turn inbound customer inquiry,order_cancellation_or_change,"Instruct customer to visit Your Orders > Cancel Items if still in pending status; clarify that once dispatched, address cannot be changed and must be returned upon delivery.",AUTO_HANDLE,easy,Subscribe & Save delivery cancellation.
gold_086,The cancel button is greyed out on my order even though it hasn't shipped yet.,Twitter public mention (@AmazonHelp) - First turn inbound customer inquiry,order_cancellation_or_change,"Instruct customer to visit Your Orders > Cancel Items if still in pending status; clarify that once dispatched, address cannot be changed and must be returned upon delivery.",AUTO_HANDLE,medium,Shipping preparation stage lock.
gold_087,Can I reroute my package to an Amazon Locker instead of my home address while it's in transit?,Twitter public mention (@AmazonHelp) - First turn inbound customer inquiry,order_cancellation_or_change,"Instruct customer to visit Your Orders > Cancel Items if still in pending status; clarify that once dispatched, address cannot be changed and must be returned upon delivery.",AUTO_HANDLE,medium,In-transit rerouting to locker.
gold_088,"I updated my default address on my profile, why did my recent order still go to my old address?",Twitter public mention (@AmazonHelp) - First turn inbound customer inquiry,order_cancellation_or_change,"Instruct customer to visit Your Orders > Cancel Items if still in pending status; clarify that once dispatched, address cannot be changed and must be returned upon delivery.",AUTO_HANDLE,medium,Profile address vs active order address nuance.
gold_089,Order was cancelled by Amazon without my permission. Why did this happen?,Twitter public mention (@AmazonHelp) - First turn inbound customer inquiry,order_cancellation_or_change,"Instruct customer to visit Your Orders > Cancel Items if still in pending status; clarify that once dispatched, address cannot be changed and must be returned upon delivery.",AUTO_HANDLE,medium,Automated system cancellation explanation.
gold_090,Can I change the recipient name on a gift order that was placed an hour ago?,Twitter public mention (@AmazonHelp) - First turn inbound customer inquiry,order_cancellation_or_change,"Instruct customer to visit Your Orders > Cancel Items if still in pending status; clarify that once dispatched, address cannot be changed and must be returned upon delivery.",AUTO_HANDLE,medium,Gift recipient metadata change.
gold_091,"I want to cancel the order because delivery was delayed, but the website won't let me.",Twitter public mention (@AmazonHelp) - First turn inbound customer inquiry,order_cancellation_or_change,"Instruct customer to visit Your Orders > Cancel Items if still in pending status; clarify that once dispatched, address cannot be changed and must be returned upon delivery.",AUTO_HANDLE,medium,Cancellation blocked due to active carrier dispatch.
gold_092,"Accidentally used my business credit card for a personal order, can I switch it now?",Twitter public mention (@AmazonHelp) - First turn inbound customer inquiry,order_cancellation_or_change,"Instruct customer to visit Your Orders > Cancel Items if still in pending status; clarify that once dispatched, address cannot be changed and must be returned upon delivery.",AUTO_HANDLE,medium,Card swap on processing order.
gold_093,How can I change the delivery day for my Amazon Day delivery?,Twitter public mention (@AmazonHelp) - First turn inbound customer inquiry,order_cancellation_or_change,"Instruct customer to visit Your Orders > Cancel Items if still in pending status; clarify that once dispatched, address cannot be changed and must be returned upon delivery.",AUTO_HANDLE,medium,Amazon Day delivery schedule change.
gold_094,"The system says order cannot be cancelled because it is preparing for shipment, but it has said that for 4 days!",Twitter public mention (@AmazonHelp) - First turn inbound customer inquiry,order_cancellation_or_change,"Instruct customer to visit Your Orders > Cancel Items if still in pending status; clarify that once dispatched, address cannot be changed and must be returned upon delivery.",AUTO_HANDLE,hard,Extended 'preparing for dispatch' limbo.
gold_095,"I cancelled the order, received cancellation confirmation email, but the item was delivered anyway.",Twitter public mention (@AmazonHelp) - First turn inbound customer inquiry,order_cancellation_or_change,"Instruct customer to visit Your Orders > Cancel Items if still in pending status; clarify that once dispatched, address cannot be changed and must be returned upon delivery.",AUTO_HANDLE,hard,Post-cancellation fulfillment glitch.
gold_096,Third party seller refused my cancellation request 2 minutes after order was placed.,Twitter public mention (@AmazonHelp) - First turn inbound customer inquiry,order_cancellation_or_change,"Instruct customer to visit Your Orders > Cancel Items if still in pending status; clarify that once dispatched, address cannot be changed and must be returned upon delivery.",AUTO_HANDLE,hard,Marketplace 3P seller cancellation friction.
gold_097,Can you intercept a delivery in transit because I suspect the seller is a scam?,Twitter public mention (@AmazonHelp) - First turn inbound customer inquiry,order_cancellation_or_change,"Instruct customer to visit Your Orders > Cancel Items if still in pending status; clarify that once dispatched, address cannot be changed and must be returned upon delivery.",AUTO_HANDLE,hard,Package intercept on suspected scam purchase.
gold_098,I need to change the delivery address to an international destination on an existing order.,Twitter public mention (@AmazonHelp) - First turn inbound customer inquiry,order_cancellation_or_change,"Instruct customer to visit Your Orders > Cancel Items if still in pending status; clarify that once dispatched, address cannot be changed and must be returned upon delivery.",AUTO_HANDLE,hard,International address change restriction.
gold_099,"I cancelled an order that used a one-time promotional coupon, do I get the coupon back?",Twitter public mention (@AmazonHelp) - First turn inbound customer inquiry,order_cancellation_or_change,"Instruct customer to visit Your Orders > Cancel Items if still in pending status; clarify that once dispatched, address cannot be changed and must be returned upon delivery.",AUTO_HANDLE,hard,Promotional voucher reinstatement after cancellation.
gold_100,"My order has 5 items, I want to cancel 3 and keep 2, but the app tries to cancel everything.",Twitter public mention (@AmazonHelp) - First turn inbound customer inquiry,order_cancellation_or_change,"Instruct customer to visit Your Orders > Cancel Items if still in pending status; clarify that once dispatched, address cannot be changed and must be returned upon delivery.",AUTO_HANDLE,hard,Selective item cancellation in multi-item order.
gold_101,My Amazon account has been locked for suspicious activity. How can I unlock it?,Twitter public mention (@AmazonHelp) - First turn inbound customer inquiry,account_and_security,"Advise security protocols, NEVER request passwords or full credentials over Twitter, direct to secure account recovery link or escalate immediately to security specialists via private portal.",ESCALATE,easy,Locked account requiring security verification.
gold_102,I am not receiving the Two-Factor Authentication OTP code on my mobile phone.,Twitter public mention (@AmazonHelp) - First turn inbound customer inquiry,account_and_security,"Advise security protocols, NEVER request passwords or full credentials over Twitter, direct to secure account recovery link or escalate immediately to security specialists via private portal.",ESCALATE,easy,2FA authentication delivery failure.
gold_103,I forgot my password and the password reset link is not arriving in my inbox.,Twitter public mention (@AmazonHelp) - First turn inbound customer inquiry,account_and_security,"Advise security protocols, NEVER request passwords or full credentials over Twitter, direct to secure account recovery link or escalate immediately to security specialists via private portal.",ESCALATE,easy,Password reset email delivery issue.
gold_104,I want to permanently close and delete my Amazon account and personal data.,Twitter public mention (@AmazonHelp) - First turn inbound customer inquiry,account_and_security,"Advise security protocols, NEVER request passwords or full credentials over Twitter, direct to secure account recovery link or escalate immediately to security specialists via private portal.",ESCALATE,easy,GDPR / account deletion request.
gold_105,Someone unauthorized logged into my account and placed three orders in another state!,Twitter public mention (@AmazonHelp) - First turn inbound customer inquiry,account_and_security,"Advise security protocols, NEVER request passwords or full credentials over Twitter, direct to secure account recovery link or escalate immediately to security specialists via private portal.",ESCALATE,easy,Account takeover / unauthorized orders.
gold_106,How do I turn off Two-Step Verification on my account? I lost my old phone number.,Twitter public mention (@AmazonHelp) - First turn inbound customer inquiry,account_and_security,"Advise security protocols, NEVER request passwords or full credentials over Twitter, direct to secure account recovery link or escalate immediately to security specialists via private portal.",ESCALATE,easy,2SV recovery with lost phone number.
gold_107,My account is on hold pending verification of my billing address.,Twitter public mention (@AmazonHelp) - First turn inbound customer inquiry,account_and_security,"Advise security protocols, NEVER request passwords or full credentials over Twitter, direct to secure account recovery link or escalate immediately to security specialists via private portal.",ESCALATE,easy,Account identity verification hold.
gold_108,I received an email claiming my account was suspended. Is this a phishing scam?,Twitter public mention (@AmazonHelp) - First turn inbound customer inquiry,account_and_security,"Advise security protocols, NEVER request passwords or full credentials over Twitter, direct to secure account recovery link or escalate immediately to security specialists via private portal.",ESCALATE,easy,Phishing report / account status verification.
gold_109,Can I merge two separate Amazon accounts registered to different emails?,Twitter public mention (@AmazonHelp) - First turn inbound customer inquiry,account_and_security,"Advise security protocols, NEVER request passwords or full credentials over Twitter, direct to secure account recovery link or escalate immediately to security specialists via private portal.",ESCALATE,easy,Account consolidation policy inquiry.
gold_110,"My child made in-app purchases without my knowledge, can I restrict their account access?",Twitter public mention (@AmazonHelp) - First turn inbound customer inquiry,account_and_security,"Advise security protocols, NEVER request passwords or full credentials over Twitter, direct to secure account recovery link or escalate immediately to security specialists via private portal.",ESCALATE,easy,Child purchase restriction and parental controls.
gold_111,Cannot access my account because my university email address was deactivated.,Twitter public mention (@AmazonHelp) - First turn inbound customer inquiry,account_and_security,"Advise security protocols, NEVER request passwords or full credentials over Twitter, direct to secure account recovery link or escalate immediately to security specialists via private portal.",ESCALATE,medium,Lost access to primary email domain.
gold_112,An unrecognized device from another country was just added to my Amazon account.,Twitter public mention (@AmazonHelp) - First turn inbound customer inquiry,account_and_security,"Advise security protocols, NEVER request passwords or full credentials over Twitter, direct to secure account recovery link or escalate immediately to security specialists via private portal.",ESCALATE,medium,Unrecognized device alert.
gold_113,The OTP is being sent to a landline phone that cannot receive SMS text messages.,Twitter public mention (@AmazonHelp) - First turn inbound customer inquiry,account_and_security,"Advise security protocols, NEVER request passwords or full credentials over Twitter, direct to secure account recovery link or escalate immediately to security specialists via private portal.",ESCALATE,medium,Voice call fallback for 2FA.
gold_114,My Amazon account was closed by Amazon with no explanation and gift card balance inside.,Twitter public mention (@AmazonHelp) - First turn inbound customer inquiry,account_and_security,"Advise security protocols, NEVER request passwords or full credentials over Twitter, direct to secure account recovery link or escalate immediately to security specialists via private portal.",ESCALATE,medium,Arbitrary account closure with trapped funds.
gold_115,"I keep getting prompt to upload ID to verify my identity, where do I securely submit it?",Twitter public mention (@AmazonHelp) - First turn inbound customer inquiry,account_and_security,"Advise security protocols, NEVER request passwords or full credentials over Twitter, direct to secure account recovery link or escalate immediately to security specialists via private portal.",ESCALATE,medium,Government ID verification process.
gold_116,"My business account administrator left the company, how do we transfer master ownership?",Twitter public mention (@AmazonHelp) - First turn inbound customer inquiry,account_and_security,"Advise security protocols, NEVER request passwords or full credentials over Twitter, direct to secure account recovery link or escalate immediately to security specialists via private portal.",ESCALATE,medium,Corporate account administrator transfer.
gold_117,"Every time I log in, I am forced to change my password in an endless loop.",Twitter public mention (@AmazonHelp) - First turn inbound customer inquiry,account_and_security,"Advise security protocols, NEVER request passwords or full credentials over Twitter, direct to secure account recovery link or escalate immediately to security specialists via private portal.",ESCALATE,medium,Authentication loop error.
gold_118,Is it safe to give my Amazon account info to a third-party cashback app?,Twitter public mention (@AmazonHelp) - First turn inbound customer inquiry,account_and_security,"Advise security protocols, NEVER request passwords or full credentials over Twitter, direct to secure account recovery link or escalate immediately to security specialists via private portal.",ESCALATE,medium,Third-party credential sharing security risk.
gold_119,"Someone hijacked my Amazon account, changed the email and password, and maxed out my Amazon store card.",Twitter public mention (@AmazonHelp) - First turn inbound customer inquiry,account_and_security,"Advise security protocols, NEVER request passwords or full credentials over Twitter, direct to secure account recovery link or escalate immediately to security specialists via private portal.",ESCALATE,hard,Full account takeover with financial fraud.
gold_120,Received a physical security key notification that I never requested or configured.,Twitter public mention (@AmazonHelp) - First turn inbound customer inquiry,account_and_security,"Advise security protocols, NEVER request passwords or full credentials over Twitter, direct to secure account recovery link or escalate immediately to security specialists via private portal.",ESCALATE,hard,Hardware token security alert.
gold_121,My deceased family member's account needs to be closed and their Kindle library preserved.,Twitter public mention (@AmazonHelp) - First turn inbound customer inquiry,account_and_security,"Advise security protocols, NEVER request passwords or full credentials over Twitter, direct to secure account recovery link or escalate immediately to security specialists via private portal.",ESCALATE,hard,Bereavement account closure and digital inheritance.
gold_122,I am a victim of identity theft and someone opened an Amazon credit account using my SSN.,Twitter public mention (@AmazonHelp) - First turn inbound customer inquiry,account_and_security,"Advise security protocols, NEVER request passwords or full credentials over Twitter, direct to secure account recovery link or escalate immediately to security specialists via private portal.",ESCALATE,hard,Identity theft / fraudulent credit line creation.
gold_123,Account blocked after buying high volume of gift cards for corporate employees.,Twitter public mention (@AmazonHelp) - First turn inbound customer inquiry,account_and_security,"Advise security protocols, NEVER request passwords or full credentials over Twitter, direct to secure account recovery link or escalate immediately to security specialists via private portal.",ESCALATE,hard,Anti-money laundering / fraud prevention trigger.
gold_124,Login page is showing someone else's name and partial order history on my browser cache.,Twitter public mention (@AmazonHelp) - First turn inbound customer inquiry,account_and_security,"Advise security protocols, NEVER request passwords or full credentials over Twitter, direct to secure account recovery link or escalate immediately to security specialists via private portal.",ESCALATE,hard,Severe data leakage / session mixing incident.
gold_125,Two-step verification app authenticator secret key lost after phone factory reset.,Twitter public mention (@AmazonHelp) - First turn inbound customer inquiry,account_and_security,"Advise security protocols, NEVER request passwords or full credentials over Twitter, direct to secure account recovery link or escalate immediately to security specialists via private portal.",ESCALATE,hard,TOTP loss requiring manual identity affidavit.
gold_126,"I was just charged $139 for Amazon Prime annual renewal, but I want to cancel it for a refund.",Twitter public mention (@AmazonHelp) - First turn inbound customer inquiry,subscription_and_prime,"Guide user to Manage Prime Membership page, explain pro-rated refund policy if benefits were unused, provide basic device restart/reinstall steps for streaming issues.",AUTO_HANDLE,easy,Prime annual auto-renewal refund request.
gold_127,How do I sign up for the 6-month free Amazon Prime Student membership?,Twitter public mention (@AmazonHelp) - First turn inbound customer inquiry,subscription_and_prime,"Guide user to Manage Prime Membership page, explain pro-rated refund policy if benefits were unused, provide basic device restart/reinstall steps for streaming issues.",AUTO_HANDLE,easy,Prime Student eligibility and sign-up.
gold_128,Prime Video is giving me Error 5004 on my Samsung Smart TV when streaming movies.,Twitter public mention (@AmazonHelp) - First turn inbound customer inquiry,subscription_and_prime,"Guide user to Manage Prime Membership page, explain pro-rated refund policy if benefits were unused, provide basic device restart/reinstall steps for streaming issues.",AUTO_HANDLE,easy,Prime Video playback error troubleshooting.
gold_129,Can I share my Amazon Prime shipping benefits with my wife through Amazon Household?,Twitter public mention (@AmazonHelp) - First turn inbound customer inquiry,subscription_and_prime,"Guide user to Manage Prime Membership page, explain pro-rated refund policy if benefits were unused, provide basic device restart/reinstall steps for streaming issues.",AUTO_HANDLE,easy,Amazon Household sharing benefits.
gold_130,How do I cancel my Amazon Music Unlimited monthly subscription?,Twitter public mention (@AmazonHelp) - First turn inbound customer inquiry,subscription_and_prime,"Guide user to Manage Prime Membership page, explain pro-rated refund policy if benefits were unused, provide basic device restart/reinstall steps for streaming issues.",AUTO_HANDLE,easy,Digital music subscription cancellation.
gold_131,What are the benefits included in Amazon Prime besides free two-day shipping?,Twitter public mention (@AmazonHelp) - First turn inbound customer inquiry,subscription_and_prime,"Guide user to Manage Prime Membership page, explain pro-rated refund policy if benefits were unused, provide basic device restart/reinstall steps for streaming issues.",AUTO_HANDLE,easy,Prime benefit inquiry.
gold_132,How do I pause my Prime membership while I go abroad for the summer?,Twitter public mention (@AmazonHelp) - First turn inbound customer inquiry,subscription_and_prime,"Guide user to Manage Prime Membership page, explain pro-rated refund policy if benefits were unused, provide basic device restart/reinstall steps for streaming issues.",AUTO_HANDLE,easy,Prime membership pause feature.
gold_133,"Kindle Unlimited is charging me $9.99 every month, how do I stop it?",Twitter public mention (@AmazonHelp) - First turn inbound customer inquiry,subscription_and_prime,"Guide user to Manage Prime Membership page, explain pro-rated refund policy if benefits were unused, provide basic device restart/reinstall steps for streaming issues.",AUTO_HANDLE,easy,Kindle Unlimited cancellation.
gold_134,Why does Prime Video show commercials now when I already pay for a subscription?,Twitter public mention (@AmazonHelp) - First turn inbound customer inquiry,subscription_and_prime,"Guide user to Manage Prime Membership page, explain pro-rated refund policy if benefits were unused, provide basic device restart/reinstall steps for streaming issues.",AUTO_HANDLE,easy,Prime Video ad-tier inquiry.
gold_135,How do I redeem the Twitch Prime / Prime Gaming free monthly sub?,Twitter public mention (@AmazonHelp) - First turn inbound customer inquiry,subscription_and_prime,"Guide user to Manage Prime Membership page, explain pro-rated refund policy if benefits were unused, provide basic device restart/reinstall steps for streaming issues.",AUTO_HANDLE,easy,Prime Gaming perk redemption.
gold_136,I have Prime but items are showing 4 to 5 day delivery estimates instead of Two-Day.,Twitter public mention (@AmazonHelp) - First turn inbound customer inquiry,subscription_and_prime,"Guide user to Manage Prime Membership page, explain pro-rated refund policy if benefits were unused, provide basic device restart/reinstall steps for streaming issues.",AUTO_HANDLE,medium,Prime delivery guarantee expectation.
gold_137,Prime Video says 'This title is not available in your location' while I'm traveling.,Twitter public mention (@AmazonHelp) - First turn inbound customer inquiry,subscription_and_prime,"Guide user to Manage Prime Membership page, explain pro-rated refund policy if benefits were unused, provide basic device restart/reinstall steps for streaming issues.",AUTO_HANDLE,medium,Geographic licensing restriction on streaming.
gold_138,"Signed up for 30-day Prime free trial, why do I see a $1 pending charge on my card?",Twitter public mention (@AmazonHelp) - First turn inbound customer inquiry,subscription_and_prime,"Guide user to Manage Prime Membership page, explain pro-rated refund policy if benefits were unused, provide basic device restart/reinstall steps for streaming issues.",AUTO_HANDLE,medium,Pre-authorization card validation hold.
gold_139,How do I switch from an annual Prime billing cycle to a monthly billing cycle?,Twitter public mention (@AmazonHelp) - First turn inbound customer inquiry,subscription_and_prime,"Guide user to Manage Prime Membership page, explain pro-rated refund policy if benefits were unused, provide basic device restart/reinstall steps for streaming issues.",AUTO_HANDLE,medium,Billing frequency modification.
gold_140,My Amazon Household member cannot access the Prime Video library on their profile.,Twitter public mention (@AmazonHelp) - First turn inbound customer inquiry,subscription_and_prime,"Guide user to Manage Prime Membership page, explain pro-rated refund policy if benefits were unused, provide basic device restart/reinstall steps for streaming issues.",AUTO_HANDLE,medium,Household profile permission sync.
gold_141,Audible subscription credits are missing from my account this month.,Twitter public mention (@AmazonHelp) - First turn inbound customer inquiry,subscription_and_prime,"Guide user to Manage Prime Membership page, explain pro-rated refund policy if benefits were unused, provide basic device restart/reinstall steps for streaming issues.",AUTO_HANDLE,medium,Audible membership credit allocation.
gold_142,Why was I billed for Prime when my mobile carrier plan is supposed to include it free?,Twitter public mention (@AmazonHelp) - First turn inbound customer inquiry,subscription_and_prime,"Guide user to Manage Prime Membership page, explain pro-rated refund policy if benefits were unused, provide basic device restart/reinstall steps for streaming issues.",AUTO_HANDLE,medium,Carrier-bundled Prime promotion sync.
gold_143,Does Prime membership cover free returns on heavy items like exercise bikes?,Twitter public mention (@AmazonHelp) - First turn inbound customer inquiry,subscription_and_prime,"Guide user to Manage Prime Membership page, explain pro-rated refund policy if benefits were unused, provide basic device restart/reinstall steps for streaming issues.",AUTO_HANDLE,medium,Heavy item return policy under Prime.
gold_144,"Cancelled Prime last week, got a confirmation email, but was still charged the full $139 today.",Twitter public mention (@AmazonHelp) - First turn inbound customer inquiry,subscription_and_prime,"Guide user to Manage Prime Membership page, explain pro-rated refund policy if benefits were unused, provide basic device restart/reinstall steps for streaming issues.",AUTO_HANDLE,hard,Errant billing after cancellation confirmation.
gold_145,Prime Video 4K UHD content plays only in 1080p despite having high-speed fiber internet.,Twitter public mention (@AmazonHelp) - First turn inbound customer inquiry,subscription_and_prime,"Guide user to Manage Prime Membership page, explain pro-rated refund policy if benefits were unused, provide basic device restart/reinstall steps for streaming issues.",AUTO_HANDLE,hard,Display resolution / HDCP streaming bottleneck.
gold_146,My Prime Student verification document was rejected even though I uploaded my current tuition receipt.,Twitter public mention (@AmazonHelp) - First turn inbound customer inquiry,subscription_and_prime,"Guide user to Manage Prime Membership page, explain pro-rated refund policy if benefits were unused, provide basic device restart/reinstall steps for streaming issues.",AUTO_HANDLE,hard,Student status documentation dispute.
gold_147,"Subscribed to a third-party channel inside Prime Video, now cannot find where to cancel it.",Twitter public mention (@AmazonHelp) - First turn inbound customer inquiry,subscription_and_prime,"Guide user to Manage Prime Membership page, explain pro-rated refund policy if benefits were unused, provide basic device restart/reinstall steps for streaming issues.",AUTO_HANDLE,hard,Prime Video Channels subscription management.
gold_148,Grandmother was charged for Prime for two years without knowing what it was or ever using it.,Twitter public mention (@AmazonHelp) - First turn inbound customer inquiry,subscription_and_prime,"Guide user to Manage Prime Membership page, explain pro-rated refund policy if benefits were unused, provide basic device restart/reinstall steps for streaming issues.",AUTO_HANDLE,hard,Long-term unused Prime membership refund.
gold_149,"Prime delivery is consistently 3 days late in my neighborhood, can I get compensation?",Twitter public mention (@AmazonHelp) - First turn inbound customer inquiry,subscription_and_prime,"Guide user to Manage Prime Membership page, explain pro-rated refund policy if benefits were unused, provide basic device restart/reinstall steps for streaming issues.",AUTO_HANDLE,hard,Chronic SLA violation on Prime delivery.
gold_150,Amazon Music app deletes downloaded offline playlists after every app update.,Twitter public mention (@AmazonHelp) - First turn inbound customer inquiry,subscription_and_prime,"Guide user to Manage Prime Membership page, explain pro-rated refund policy if benefits were unused, provide basic device restart/reinstall steps for streaming issues.",AUTO_HANDLE,hard,Mobile application bug causing cache loss.
gold_151,I see two identical charges of $49.99 on my credit card statement from Amazon today.,Twitter public mention (@AmazonHelp) - First turn inbound customer inquiry,payment_and_billing,"Explain authorization hold vs settled charges; for gift card / billing discrepancies, direct to secure payment assistance page or escalate to human agent since billing details cannot be shared publicly.",ESCALATE,easy,Duplicate billing charge dispute.
gold_152,My Amazon Gift Card says the claim code is invalid or already redeemed by another account.,Twitter public mention (@AmazonHelp) - First turn inbound customer inquiry,payment_and_billing,"Explain authorization hold vs settled charges; for gift card / billing discrepancies, direct to secure payment assistance page or escalate to human agent since billing details cannot be shared publicly.",ESCALATE,easy,Invalid / redeemed gift card claim code.
gold_153,My debit card was declined during checkout even though I have plenty of funds.,Twitter public mention (@AmazonHelp) - First turn inbound customer inquiry,payment_and_billing,"Explain authorization hold vs settled charges; for gift card / billing discrepancies, direct to secure payment assistance page or escalate to human agent since billing details cannot be shared publicly.",ESCALATE,easy,Payment instrument decline.
gold_154,The $10 promotional discount code was not applied to my order total at checkout.,Twitter public mention (@AmazonHelp) - First turn inbound customer inquiry,payment_and_billing,"Explain authorization hold vs settled charges; for gift card / billing discrepancies, direct to secure payment assistance page or escalate to human agent since billing details cannot be shared publicly.",ESCALATE,easy,Missing promotional credit.
gold_155,Can I split payment between two different credit cards on an order?,Twitter public mention (@AmazonHelp) - First turn inbound customer inquiry,payment_and_billing,"Explain authorization hold vs settled charges; for gift card / billing discrepancies, direct to secure payment assistance page or escalate to human agent since billing details cannot be shared publicly.",ESCALATE,easy,Split payment tender inquiry.
gold_156,Why does Amazon say payment revision needed on order #112-9928172?,Twitter public mention (@AmazonHelp) - First turn inbound customer inquiry,payment_and_billing,"Explain authorization hold vs settled charges; for gift card / billing discrepancies, direct to secure payment assistance page or escalate to human agent since billing details cannot be shared publicly.",ESCALATE,easy,Payment revision needed notice.
gold_157,I have an unrecognized charge from AMZN Mktp on my bank account for $84.20.,Twitter public mention (@AmazonHelp) - First turn inbound customer inquiry,payment_and_billing,"Explain authorization hold vs settled charges; for gift card / billing discrepancies, direct to secure payment assistance page or escalate to human agent since billing details cannot be shared publicly.",ESCALATE,easy,Unrecognized marketplace transaction.
gold_158,How do I update the expiration date on my default payment card?,Twitter public mention (@AmazonHelp) - First turn inbound customer inquiry,payment_and_billing,"Explain authorization hold vs settled charges; for gift card / billing discrepancies, direct to secure payment assistance page or escalate to human agent since billing details cannot be shared publicly.",ESCALATE,easy,Payment method update.
gold_159,Can I pay for my Amazon purchases using PayPal balance directly?,Twitter public mention (@AmazonHelp) - First turn inbound customer inquiry,payment_and_billing,"Explain authorization hold vs settled charges; for gift card / billing discrepancies, direct to secure payment assistance page or escalate to human agent since billing details cannot be shared publicly.",ESCALATE,easy,Unsupported payment tender policy.
gold_160,"I returned an item bought with an Amazon gift card, where did the refund go?",Twitter public mention (@AmazonHelp) - First turn inbound customer inquiry,payment_and_billing,"Explain authorization hold vs settled charges; for gift card / billing discrepancies, direct to secure payment assistance page or escalate to human agent since billing details cannot be shared publicly.",ESCALATE,easy,Gift card balance refund destination.
gold_161,"Charged twice for one order: once when I ordered, and again when it shipped.",Twitter public mention (@AmazonHelp) - First turn inbound customer inquiry,payment_and_billing,"Explain authorization hold vs settled charges; for gift card / billing discrepancies, direct to secure payment assistance page or escalate to human agent since billing details cannot be shared publicly.",ESCALATE,medium,Authorization hold vs settlement confusion.
gold_162,"Applied a $100 gift card, but when my order was modified, the balance disappeared.",Twitter public mention (@AmazonHelp) - First turn inbound customer inquiry,payment_and_billing,"Explain authorization hold vs settled charges; for gift card / billing discrepancies, direct to secure payment assistance page or escalate to human agent since billing details cannot be shared publicly.",ESCALATE,medium,Gift card balance loss after order edit.
gold_163,"Bank says Amazon declined the transaction, but Amazon says the bank declined it.",Twitter public mention (@AmazonHelp) - First turn inbound customer inquiry,payment_and_billing,"Explain authorization hold vs settled charges; for gift card / billing discrepancies, direct to secure payment assistance page or escalate to human agent since billing details cannot be shared publicly.",ESCALATE,medium,Inter-bank payment dispute finger-pointing.
gold_164,Amazon Rewards Visa Card points are not showing up on my checkout screen.,Twitter public mention (@AmazonHelp) - First turn inbound customer inquiry,payment_and_billing,"Explain authorization hold vs settled charges; for gift card / billing discrepancies, direct to secure payment assistance page or escalate to human agent since billing details cannot be shared publicly.",ESCALATE,medium,Credit card reward points integration error.
gold_165,Charged sales tax on tax-exempt non-profit organization purchases.,Twitter public mention (@AmazonHelp) - First turn inbound customer inquiry,payment_and_billing,"Explain authorization hold vs settled charges; for gift card / billing discrepancies, direct to secure payment assistance page or escalate to human agent since billing details cannot be shared publicly.",ESCALATE,medium,Tax exemption certificate discrepancy.
gold_166,Purchased an e-gift card for a friend 4 hours ago and they never received the email.,Twitter public mention (@AmazonHelp) - First turn inbound customer inquiry,payment_and_billing,"Explain authorization hold vs settled charges; for gift card / billing discrepancies, direct to secure payment assistance page or escalate to human agent since billing details cannot be shared publicly.",ESCALATE,medium,Delayed digital gift card delivery.
gold_167,Refund amount was short by $12 due to currency conversion fee differences.,Twitter public mention (@AmazonHelp) - First turn inbound customer inquiry,payment_and_billing,"Explain authorization hold vs settled charges; for gift card / billing discrepancies, direct to secure payment assistance page or escalate to human agent since billing details cannot be shared publicly.",ESCALATE,medium,Foreign transaction exchange rate dispute.
gold_168,How can I download a consolidated VAT invoice for my accounting department?,Twitter public mention (@AmazonHelp) - First turn inbound customer inquiry,payment_and_billing,"Explain authorization hold vs settled charges; for gift card / billing discrepancies, direct to secure payment assistance page or escalate to human agent since billing details cannot be shared publicly.",ESCALATE,medium,VAT/tax invoice generation for accounting.
gold_169,A recurring $14.99 charge has been billed to my card every month for a service I never signed up for.,Twitter public mention (@AmazonHelp) - First turn inbound customer inquiry,payment_and_billing,"Explain authorization hold vs settled charges; for gift card / billing discrepancies, direct to secure payment assistance page or escalate to human agent since billing details cannot be shared publicly.",ESCALATE,hard,Unauthorized recurring subscription billing.
gold_170,Physical gift card bought in a retail store had the scratch-off silver coating peeled off.,Twitter public mention (@AmazonHelp) - First turn inbound customer inquiry,payment_and_billing,"Explain authorization hold vs settled charges; for gift card / billing discrepancies, direct to secure payment assistance page or escalate to human agent since billing details cannot be shared publicly.",ESCALATE,hard,Tampered physical gift card packaging.
gold_171,"My bank initiated a chargeback for fraud, and now Amazon blocked my whole order history.",Twitter public mention (@AmazonHelp) - First turn inbound customer inquiry,payment_and_billing,"Explain authorization hold vs settled charges; for gift card / billing discrepancies, direct to secure payment assistance page or escalate to human agent since billing details cannot be shared publicly.",ESCALATE,hard,Chargeback dispute leading to account suspension.
gold_172,Promotional credit was removed by customer service rep after promising it would stay.,Twitter public mention (@AmazonHelp) - First turn inbound customer inquiry,payment_and_billing,"Explain authorization hold vs settled charges; for gift card / billing discrepancies, direct to secure payment assistance page or escalate to human agent since billing details cannot be shared publicly.",ESCALATE,hard,Broken agent promise regarding credit.
gold_173,Overcharged on import duty deposit for an international shipment to the UK.,Twitter public mention (@AmazonHelp) - First turn inbound customer inquiry,payment_and_billing,"Explain authorization hold vs settled charges; for gift card / billing discrepancies, direct to secure payment assistance page or escalate to human agent since billing details cannot be shared publicly.",ESCALATE,hard,Import duty fee calculation dispute.
gold_174,Accidental purchase by Alexa voice ordering on my Echo speaker.,Twitter public mention (@AmazonHelp) - First turn inbound customer inquiry,payment_and_billing,"Explain authorization hold vs settled charges; for gift card / billing discrepancies, direct to secure payment assistance page or escalate to human agent since billing details cannot be shared publicly.",ESCALATE,hard,Voice ordering accidental charge.
gold_175,"Payment failed during Lightning Deal and by the time I updated the card, the deal ended.",Twitter public mention (@AmazonHelp) - First turn inbound customer inquiry,payment_and_billing,"Explain authorization hold vs settled charges; for gift card / billing discrepancies, direct to secure payment assistance page or escalate to human agent since billing details cannot be shared publicly.",ESCALATE,hard,Expired deal price during payment failure.
gold_176,Your customer service is the absolute worst. I want to speak to a supervisor right now!,Twitter public mention (@AmazonHelp) - First turn inbound customer inquiry,general_feedback_or_complaint,"Acknowledge frustration with empathy, request customer to reach out via direct phone/chat callback link (amazon.com/contact-us) or provide details via secure DM.",ESCALATE,easy,Severe customer service complaint demanding supervisor.
gold_177,Can someone from Amazon please send me a DM? I need help with an urgent matter.,Twitter public mention (@AmazonHelp) - First turn inbound customer inquiry,general_feedback_or_complaint,"Acknowledge frustration with empathy, request customer to reach out via direct phone/chat callback link (amazon.com/contact-us) or provide details via secure DM.",ESCALATE,easy,Generic assistance request asking for DM.
gold_178,Who can I email to file a formal complaint against a delivery driver for rude behavior?,Twitter public mention (@AmazonHelp) - First turn inbound customer inquiry,general_feedback_or_complaint,"Acknowledge frustration with empathy, request customer to reach out via direct phone/chat callback link (amazon.com/contact-us) or provide details via secure DM.",ESCALATE,easy,Driver misconduct formal complaint.
gold_179,I have been on hold on phone support for 2 hours and was just hung up on.,Twitter public mention (@AmazonHelp) - First turn inbound customer inquiry,general_feedback_or_complaint,"Acknowledge frustration with empathy, request customer to reach out via direct phone/chat callback link (amazon.com/contact-us) or provide details via secure DM.",ESCALATE,easy,Call center abandonment complaint.
gold_180,How do I contact corporate headquarters regarding an issue your phone reps couldn't resolve?,Twitter public mention (@AmazonHelp) - First turn inbound customer inquiry,general_feedback_or_complaint,"Acknowledge frustration with empathy, request customer to reach out via direct phone/chat callback link (amazon.com/contact-us) or provide details via secure DM.",ESCALATE,easy,Executive / corporate escalation inquiry.
gold_181,"I need to speak to a real human person, not an automated chatbot!",Twitter public mention (@AmazonHelp) - First turn inbound customer inquiry,general_feedback_or_complaint,"Acknowledge frustration with empathy, request customer to reach out via direct phone/chat callback link (amazon.com/contact-us) or provide details via secure DM.",ESCALATE,easy,Chatbot refusal demanding human agent.
gold_182,Can someone call me back at my mobile number immediately?,Twitter public mention (@AmazonHelp) - First turn inbound customer inquiry,general_feedback_or_complaint,"Acknowledge frustration with empathy, request customer to reach out via direct phone/chat callback link (amazon.com/contact-us) or provide details via secure DM.",ESCALATE,easy,Callback request.
gold_183,Your delivery driver blocked my entire driveway and refused to move when asked politely.,Twitter public mention (@AmazonHelp) - First turn inbound customer inquiry,general_feedback_or_complaint,"Acknowledge frustration with empathy, request customer to reach out via direct phone/chat callback link (amazon.com/contact-us) or provide details via secure DM.",ESCALATE,easy,Driver behavior / blocked driveway complaint.
gold_184,Worst experience ever with Amazon. Cancelling everything and closing my accounts.,Twitter public mention (@AmazonHelp) - First turn inbound customer inquiry,general_feedback_or_complaint,"Acknowledge frustration with empathy, request customer to reach out via direct phone/chat callback link (amazon.com/contact-us) or provide details via secure DM.",ESCALATE,easy,High-churn risk emotional complaint.
gold_185,"Shout out to your amazing customer service agent Sarah who helped me yesterday, she was great!",Twitter public mention (@AmazonHelp) - First turn inbound customer inquiry,general_feedback_or_complaint,"Acknowledge frustration with empathy, request customer to reach out via direct phone/chat callback link (amazon.com/contact-us) or provide details via secure DM.",ESCALATE,easy,Positive agent feedback / commendation.
gold_186,Three different representatives told me three different things today. Who actually knows what they're doing?,Twitter public mention (@AmazonHelp) - First turn inbound customer inquiry,general_feedback_or_complaint,"Acknowledge frustration with empathy, request customer to reach out via direct phone/chat callback link (amazon.com/contact-us) or provide details via secure DM.",ESCALATE,medium,Contradictory agent advice complaint.
gold_187,I sent two DMs yesterday and still haven't received a single response from your Twitter team.,Twitter public mention (@AmazonHelp) - First turn inbound customer inquiry,general_feedback_or_complaint,"Acknowledge frustration with empathy, request customer to reach out via direct phone/chat callback link (amazon.com/contact-us) or provide details via secure DM.",ESCALATE,medium,Social media response latency complaint.
gold_188,Delivery driver threw packages into the bushes in the rain while laughing on camera.,Twitter public mention (@AmazonHelp) - First turn inbound customer inquiry,general_feedback_or_complaint,"Acknowledge frustration with empathy, request customer to reach out via direct phone/chat callback link (amazon.com/contact-us) or provide details via secure DM.",ESCALATE,medium,Egregious driver misconduct on camera.
gold_189,Your new website layout is terrible and impossible to navigate on desktop.,Twitter public mention (@AmazonHelp) - First turn inbound customer inquiry,general_feedback_or_complaint,"Acknowledge frustration with empathy, request customer to reach out via direct phone/chat callback link (amazon.com/contact-us) or provide details via secure DM.",ESCALATE,medium,UI/UX product feedback.
gold_190,I have been a loyal Prime member for 15 years and have never been treated so poorly.,Twitter public mention (@AmazonHelp) - First turn inbound customer inquiry,general_feedback_or_complaint,"Acknowledge frustration with empathy, request customer to reach out via direct phone/chat callback link (amazon.com/contact-us) or provide details via secure DM.",ESCALATE,medium,Loyalty-based grievance / de-escalation needed.
gold_191,Stop sending me promotional marketing spam emails every day when I unsubscribed.,Twitter public mention (@AmazonHelp) - First turn inbound customer inquiry,general_feedback_or_complaint,"Acknowledge frustration with empathy, request customer to reach out via direct phone/chat callback link (amazon.com/contact-us) or provide details via secure DM.",ESCALATE,medium,Email marketing opt-out failure.
gold_192,Is there a media relations email for a journalist working on an e-commerce article?,Twitter public mention (@AmazonHelp) - First turn inbound customer inquiry,general_feedback_or_complaint,"Acknowledge frustration with empathy, request customer to reach out via direct phone/chat callback link (amazon.com/contact-us) or provide details via secure DM.",ESCALATE,medium,Media / press inquiry.
gold_193,Your phone app keeps crashing every time I open the search bar on iOS 17.,Twitter public mention (@AmazonHelp) - First turn inbound customer inquiry,general_feedback_or_complaint,"Acknowledge frustration with empathy, request customer to reach out via direct phone/chat callback link (amazon.com/contact-us) or provide details via secure DM.",ESCALATE,medium,General app stability complaint.
gold_194,I am ready to consult a lawyer and file small claims action if this is not resolved today.,Twitter public mention (@AmazonHelp) - First turn inbound customer inquiry,general_feedback_or_complaint,"Acknowledge frustration with empathy, request customer to reach out via direct phone/chat callback link (amazon.com/contact-us) or provide details via secure DM.",ESCALATE,hard,Legal action threat requiring immediate risk protocol.
gold_195,A driver walked directly into my house without knocking and scared my children.,Twitter public mention (@AmazonHelp) - First turn inbound customer inquiry,general_feedback_or_complaint,"Acknowledge frustration with empathy, request customer to reach out via direct phone/chat callback link (amazon.com/contact-us) or provide details via secure DM.",ESCALATE,hard,Severe property trespassing / safety incident.
gold_196,Representative told me they would follow up within 24 hours and completely ghosted me.,Twitter public mention (@AmazonHelp) - First turn inbound customer inquiry,general_feedback_or_complaint,"Acknowledge frustration with empathy, request customer to reach out via direct phone/chat callback link (amazon.com/contact-us) or provide details via secure DM.",ESCALATE,hard,Broken callback commitment by agent.
gold_197,"Package was delivered safely, but driver ran over my garden sprinkler and destroyed it.",Twitter public mention (@AmazonHelp) - First turn inbound customer inquiry,general_feedback_or_complaint,"Acknowledge frustration with empathy, request customer to reach out via direct phone/chat callback link (amazon.com/contact-us) or provide details via secure DM.",ESCALATE,hard,Property damage claim against logistics carrier.
gold_198,Is Amazon planning to support unionization in their fulfillment warehouses?,Twitter public mention (@AmazonHelp) - First turn inbound customer inquiry,general_feedback_or_complaint,"Acknowledge frustration with empathy, request customer to reach out via direct phone/chat callback link (amazon.com/contact-us) or provide details via secure DM.",ESCALATE,hard,Sensitive labor / public relations inquiry.
gold_199,Your representative was abusive and used profanity during our phone call.,Twitter public mention (@AmazonHelp) - First turn inbound customer inquiry,general_feedback_or_complaint,"Acknowledge frustration with empathy, request customer to reach out via direct phone/chat callback link (amazon.com/contact-us) or provide details via secure DM.",ESCALATE,hard,Agent profanity / harassment complaint.
gold_200,I asked for an English-speaking agent and was transferred back and forth 5 times.,Twitter public mention (@AmazonHelp) - First turn inbound customer inquiry,general_feedback_or_complaint,"Acknowledge frustration with empathy, request customer to reach out via direct phone/chat callback link (amazon.com/contact-us) or provide details via secure DM.",ESCALATE,hard,Routing failure and language complaint.
